subject,experiment,task,condition,target_hit,target_miss,lure_cr,lure_fa,foil_cr,foil_fa,target_hit_rate,lure_cr_rate,foil_cr_rate,lure_fa_rate,foil_fa_rate,cr,cr_rate,fa,fa_rate,dprime,dprime_lures,LDI,beta,c,ad,foiled_target,foiled_lure
2,exp02,mst,Active,2,1,6,2,7,2,0.222222222,0.666666667,0.777777778,0.222222222,0.222222222,13,0.722222222,4,0.222222222,0,0,0.555555556,1,0.764709674,0.5,1,1
2,exp02,mst,Passive,0,9,0,0,9,0,0,0,1,0,0,9,0.5,0,0,0,0,-1,inf,inf,0.5,9,9
5,exp02,mst,Active,1,3,5,3,8,1,0.111111111,0.555555556,0.888888889,0.333333333,0.111111111,13,0.722222222,4,0.222222222,0,-0.78991305,0.222222222,0.635978203,0.992675011,0.5,3,1
5,exp02,mst,Passive,6,1,5,0,8,1,0.666666667,0.555555556,0.888888889,0,0.111111111,13,0.722222222,1,0.055555556,1.651367648,2.023946117,0.444444444,3.242712263,0.581245759,0.878534742,1,4
6,exp02,mst,Active,3,0,2,4,8,1,0.333333333,0.222222222,0.888888889,0.444444444,0.111111111,10,0.555555556,5,0.277777778,0.78991305,-0.291017,0.222222222,1.0843341,0.510091549,0.711766545,0,3
6,exp02,mst,Passive,5,4,5,3,6,3,0.555555556,0.555555556,0.666666667,0.333333333,0.333333333,11,0.611111111,6,0.333333333,0.570437598,0.570437598,0.111111111,1.086545633,0.1455085,0.656658404,4,1
7,exp02,mst,Active,6,2,0,3,7,2,0.666666667,0,0.777777778,0.333333333,0.222222222,7,0.388888889,5,0.277777778,1.195436973,0.861454599,-0.222222222,1.0843341,0.079364249,0.801028763,2,6
7,exp02,mst,Passive,3,5,2,0,7,2,0.333333333,0.222222222,0.777777778,0,0.222222222,9,0.5,2,0.111111111,0.333982374,1.162491519,-0.333333333,1.919795034,0.825683824,0.593346208,5,7
8,exp02,mst,Active,7,0,1,7,7,2,0.777777778,0.111111111,0.777777778,0.777777778,0.222222222,8,0.444444444,9,0.5,1.529419348,0,0.111111111,0.746477023,-0.382354837,0.860254348,0,1
8,exp02,mst,Passive,3,6,2,2,9,0,0.333333333,0.222222222,1,0.222222222,0,11,0.611111111,2,0.111111111,1.162491519,0.333982374,-0.444444444,1.919795034,0.825683824,0.794463155,6,5
9,exp02,mst,Active,7,1,2,5,7,2,0.777777778,0.222222222,0.777777778,0.555555556,0.222222222,9,0.5,7,0.388888889,1.529419348,0.624999375,0.111111111,0.776803803,-0.241246763,0.860254348,1,2
9,exp02,mst,Passive,5,2,1,5,6,3,0.555555556,0.111111111,0.666666667,0.555555556,0.333333333,7,0.388888889,8,0.444444444,0.570437598,0,-0.111111111,1,0,0.656658404,2,3
13,exp02,mst,Active,9,0,2,7,2,7,1,0.222222222,0.222222222,0.777777778,0.777777778,4,0.222222222,14,0.777777778,0.828509144,0.828509144,0.222222222,0.376520547,-1.178964246,0.72100997,0,0
13,exp02,mst,Passive,3,0,4,1,2,7,0.333333333,0.444444444,0.222222222,0.111111111,0.777777778,6,0.333333333,8,0.444444444,-1.195436973,0.78991305,0.444444444,0.920347908,0.285218799,0.198971237,0,4
14,exp02,mst,Active,6,0,6,3,7,2,0.666666667,0.666666667,0.777777778,0.333333333,0.222222222,13,0.722222222,5,0.277777778,1.195436973,0.861454599,0.666666667,1.0843341,0.079364249,0.801028763,0,0
14,exp02,mst,Passive,8,0,5,4,7,2,0.888888889,0.555555556,0.777777778,0.444444444,0.222222222,12,0.666666667,6,0.333333333,1.985350023,1.360350648,0.555555556,0.52088894,-0.394956525,0.919818904,0,0
18,exp02,mst,Active,9,0,1,7,8,1,1,0.111111111,0.888888889,0.777777778,0.111111111,9,0.5,8,0.444444444,2.813859167,0.828509144,0.111111111,0.283820405,-0.72675426,0.976687943,0,1
18,exp02,mst,Passive,5,3,2,3,6,3,0.555555556,0.222222222,0.666666667,0.333333333,0.333333333,8,0.444444444,6,0.333333333,0.570437598,0.570437598,-0.111111111,1.086545633,0.1455085,0.656658404,3,4
19,exp02,mst,Active,3,4,2,1,8,1,0.333333333,0.222222222,0.888888889,0.111111111,0.111111111,10,0.555555556,2,0.111111111,0.78991305,0.78991305,-0.222222222,1.919795034,0.825683824,0.711766545,4,6
19,exp02,mst,Passive,0,8,2,0,9,0,0,0.222222222,1,0,0,11,0.611111111,0,0,0,0,-0.666666667,inf,inf,0.5,8,7
20,exp02,mst,Active,7,2,2,5,9,0,0.777777778,0.222222222,1,0.555555556,0,11,0.611111111,5,0.277777778,2.357928492,0.624999375,0,0.888108487,-0.087626938,0.952273335,2,2
20,exp02,mst,Passive,1,7,2,3,9,0,0.111111111,0.222222222,1,0.333333333,0,11,0.611111111,3,0.166666667,0.372578469,-0.78991305,-0.555555556,0.758032372,1.094030957,0.603899186,7,4
25,exp02,mst,Active,8,0,2,5,6,3,0.888888889,0.222222222,0.666666667,0.555555556,0.333333333,8,0.444444444,8,0.444444444,1.651367648,1.08093005,0.222222222,0.479399046,-0.540465025,0.878534742,0,2
25,exp02,mst,Passive,3,4,0,3,5,4,0.333333333,0,0.555555556,0.333333333,0.444444444,5,0.277777778,7,0.388888889,-0.291017,0,-0.444444444,0.948436892,0.356471723,0.418481345,4,6
28,exp02,mst,Active,1,2,1,7,8,1,0.111111111,0.111111111,0.888888889,0.777777778,0.111111111,9,0.5,8,0.444444444,0,-1.985350023,-0.111111111,0.479399046,0.680175324,0.5,2,1
28,exp02,mst,Passive,1,6,0,1,8,1,0.111111111,0,0.888888889,0.111111111,0.111111111,8,0.444444444,2,0.111111111,0,0,-0.666666667,1,1.220640349,0.5,6,8
41,exp02,mst,Active,4,3,3,2,6,3,0.444444444,0.333333333,0.666666667,0.222222222,0.333333333,9,0.5,5,0.277777778,0.291017,0.624999375,0,1.17817848,0.364583048,0.581518655,3,4
41,exp02,mst,Passive,1,7,4,1,5,4,0.111111111,0.444444444,0.555555556,0.111111111,0.444444444,9,0.5,5,0.277777778,-1.08093005,0,-0.333333333,0.56481764,0.905048073,0.222334422,7,4
42,exp02,mst,Active,7,0,1,8,6,3,0.777777778,0.111111111,0.666666667,0.888888889,0.333333333,7,0.388888889,11,0.611111111,1.195436973,-0.455930675,0.111111111,0.776803803,-0.52346291,0.801028763,0,0
42,exp02,mst,Passive,4,5,3,3,6,3,0.444444444,0.333333333,0.666666667,0.333333333,0.333333333,9,0.5,6,0.333333333,0.291017,0.291017,-0.222222222,1.086545633,0.285218799,0.581518655,5,3
43,exp02,mst,Active,2,0,4,4,8,1,0.222222222,0.444444444,0.888888889,0.444444444,0.111111111,12,0.666666667,5,0.277777778,0.455930675,-0.624999375,0.444444444,0.888108487,0.677082736,0.626422004,0,1
43,exp02,mst,Passive,4,3,4,2,9,0,0.444444444,0.444444444,1,0.222222222,0,13,0.722222222,2,0.111111111,1.453508519,0.624999375,0.111111111,2.08594491,0.680175324,0.847974685,3,3
45,exp02,mst,Active,8,1,2,5,3,6,0.888888889,0.222222222,0.333333333,0.555555556,0.666666667,5,0.277777778,11,0.611111111,0.78991305,1.08093005,0.111111111,0.494030287,-0.751428248,0.711766545,1,2
45,exp02,mst,Passive,5,2,1,6,5,4,0.555555556,0.111111111,0.555555556,0.666666667,0.444444444,6,0.333333333,10,0.555555556,0.279420598,-0.291017,-0.111111111,1,-0.139710299,0.578313236,2,2
60,exp02,mst,Active,5,2,3,5,6,3,0.555555556,0.333333333,0.666666667,0.555555556,0.333333333,9,0.5,8,0.444444444,0.570437598,0,0.111111111,1,0,0.656658404,2,1
60,exp02,mst,Passive,2,3,3,3,6,3,0.222222222,0.333333333,0.666666667,0.333333333,0.333333333,9,0.5,6,0.333333333,-0.333982374,-0.333982374,0,0.819035837,0.597718487,0.406653792,3,3
65,exp02,mst,Active,6,1,2,6,9,0,0.666666667,0.222222222,1,0.666666667,0,11,0.611111111,6,0.333333333,2.023946117,0,0.111111111,1,5.55E-17,0.923805815,1,1
65,exp02,mst,Passive,2,5,2,3,7,2,0.222222222,0.222222222,0.777777778,0.333333333,0.222222222,9,0.5,5,0.277777778,0,-0.333982374,-0.333333333,0.888108487,0.677082736,0.5,5,4
68,exp02,mst,Active,3,3,0,5,6,3,0.333333333,0,0.666666667,0.555555556,0.333333333,6,0.333333333,8,0.444444444,0,-0.570437598,-0.333333333,0.920347908,0.285218799,0.5,3,4
68,exp02,mst,Passive,4,4,0,2,7,2,0.444444444,0,0.777777778,0.222222222,0.222222222,7,0.388888889,4,0.222222222,0.624999375,0.624999375,-0.444444444,1.326615496,0.452209986,0.670734157,4,7
70,exp02,mst,Active,5,1,3,4,9,0,0.555555556,0.333333333,1,0.444444444,0,12,0.666666667,4,0.222222222,1.732929117,0.279420598,0.222222222,1.326615496,0.312499687,0.889781311,1,2
70,exp02,mst,Passive,1,4,6,2,8,1,0.111111111,0.666666667,0.888888889,0.222222222,0.111111111,14,0.777777778,3,0.166666667,0,-0.455930675,0.222222222,0.758032372,1.094030957,0.5,4,1
74,exp02,mst,Active,9,0,1,7,7,2,1,0.111111111,0.777777778,0.777777778,0.222222222,8,0.444444444,9,0.5,2.357928492,0.828509144,0.111111111,0.281063937,-0.796609409,0.952273335,0,1
74,exp02,mst,Passive,2,5,5,2,7,2,0.222222222,0.555555556,0.777777778,0.222222222,0.222222222,12,0.666666667,4,0.222222222,0,0,0,1,0.764709674,0.5,5,2
76,exp02,mst,Active,4,0,3,6,6,3,0.444444444,0.333333333,0.666666667,0.666666667,0.333333333,9,0.5,9,0.5,0.291017,-0.570437598,0.333333333,0.990287985,0.069855149,0.581518655,0,0
76,exp02,mst,Passive,3,4,4,1,8,1,0.333333333,0.444444444,0.888888889,0.111111111,0.111111111,12,0.666666667,2,0.111111111,0.78991305,0.78991305,0,1.919795034,0.825683824,0.711766545,4,4
92,exp02,mst,Active,4,0,3,5,7,2,0.444444444,0.333333333,0.777777778,0.555555556,0.222222222,10,0.555555556,7,0.388888889,0.624999375,-0.279420598,0.333333333,1.030519963,0.210963223,0.670734157,0,1
92,exp02,mst,Passive,2,5,6,1,6,3,0.222222222,0.666666667,0.666666667,0.111111111,0.333333333,12,0.666666667,4,0.222222222,-0.333982374,0.455930675,0.111111111,1,0.764709674,0.406653792,5,2
103,exp02,mst,Active,6,2,1,5,4,5,0.666666667,0.111111111,0.444444444,0.555555556,0.555555556,5,0.277777778,10,0.555555556,0.291017,0.291017,-0.111111111,0.920347908,-0.285218799,0.581518655,2,3
103,exp02,mst,Passive,3,6,2,3,7,2,0.333333333,0.222222222,0.777777778,0.333333333,0.222222222,9,0.5,5,0.277777778,0.333982374,0,-0.444444444,1.0843341,0.510091549,0.593346208,6,4
109,exp02,mst,Active,3,1,3,5,7,2,0.333333333,0.333333333,0.777777778,0.555555556,0.222222222,10,0.555555556,7,0.388888889,0.333982374,-0.570437598,0.222222222,0.948436892,0.356471723,0.593346208,1,1
109,exp02,mst,Passive,0,6,3,0,7,2,0,0.333333333,0.777777778,0,0.222222222,10,0.555555556,2,0.111111111,-0.828509144,0,-0.333333333,0.592033729,1.406929583,0.27899003,6,6
113,exp02,mst,Active,5,0,2,5,3,6,0.555555556,0.222222222,0.333333333,0.555555556,0.666666667,5,0.277777778,11,0.611111111,-0.291017,0,0.222222222,1.030519963,-0.210963223,0.418481345,0,2
113,exp02,mst,Passive,2,4,3,4,2,7,0.222222222,0.333333333,0.222222222,0.444444444,0.777777778,5,0.277777778,11,0.611111111,-1.529419348,-0.624999375,-0.111111111,0.776803803,0.241246763,0.139745652,4,2
116,exp02,mst,Active,4,1,4,3,1,8,0.444444444,0.444444444,0.111111111,0.333333333,0.888888889,5,0.277777778,11,0.611111111,-1.360350648,0.291017,0.333333333,1.030519963,-0.071252924,0.168046612,1,2
116,exp02,mst,Passive,4,2,4,3,3,6,0.444444444,0.444444444,0.333333333,0.333333333,0.666666667,7,0.388888889,9,0.5,-0.570437598,0.291017,0.222222222,0.990287985,0.069855149,0.343341596,2,2
126,exp02,mst,Active,1,3,3,0,7,2,0.111111111,0.333333333,0.777777778,0,0.222222222,10,0.555555556,2,0.111111111,-0.455930675,0.372578469,0,1,1.220640349,0.373577996,3,6
126,exp02,mst,Passive,2,6,0,1,9,0,0.222222222,0,1,0.111111111,0,9,0.5,1,0.055555556,0.828509144,0.455930675,-0.666666667,2.655897552,1.178964246,0.72100997,6,8
128,exp02,mst,Active,9,0,2,6,7,2,1,0.222222222,0.777777778,0.666666667,0.222222222,9,0.5,8,0.444444444,2.357928492,1.162491519,0.222222222,0.283820405,-0.72675426,0.952273335,0,1
128,exp02,mst,Passive,7,1,1,5,6,3,0.777777778,0.111111111,0.666666667,0.555555556,0.333333333,7,0.388888889,8,0.444444444,1.195436973,0.624999375,0,0.753797919,-0.312499687,0.801028763,1,3
131,exp02,mst,Active,6,0,1,7,5,4,0.666666667,0.111111111,0.555555556,0.777777778,0.444444444,6,0.333333333,11,0.611111111,0.570437598,-0.333982374,0.111111111,0.948436892,-0.356471723,0.656658404,0,1
131,exp02,mst,Passive,3,4,2,1,2,7,0.333333333,0.222222222,0.222222222,0.111111111,0.777777778,4,0.222222222,8,0.444444444,-1.195436973,0.78991305,-0.222222222,0.920347908,0.285218799,0.198971237,4,6
